EAS_sum,EAS_multi,EAS_sepE
-12621.950951808669,-12739.171192643897,-12598.289923113818
