E,EA,EAS,ind
-12890.543130761615,-12832.189898137587,-12609.626313191726,-14060.017773842452
