period,EAS_sum,EAS_multi,EAS_sepE
1.0,-16787.598737140102,-16719.13829676186,-16685.788190265102
